{
  "account": [
    {
      "name": "Seller1",
      "mobile": "9123587488",
      "email": "s1@gmail.com",
      "password": "s1@123",
      "id": 1
    },
    {
      "name": "Seller2",
      "mobile": "9854587455",
      "email": "s2@gmail.com",
      "password": "s2@123",
      "id": 2
    }
  ],
  "product": [
    {
      "name": "Apple - Seller1",
      "price": "300",
      "photo": "1.jpg",
      "details": "This Product belongs to Seller1.",
      "seller": "1",
      "id": 1
    },
    {
      "name": "Mango - Seller1",
      "price": "400",
      "photo": "2.jpg",
      "details": "This Product belongs to Seller1.",
      "seller": "1",
      "id": 2
    },
    {
      "name": "Banana - Seller1",
      "price": "100",
      "photo": "3.jpg",
      "details": "This Product belongs to Seller1.",
      "seller": "1",
      "id": 3
    },
    {
      "name": "Printer - Seller2",
      "price": "5000",
      "photo": "4.jpeg",
      "details": "This Product belongs to Seller2.",
      "seller": "2",
      "id": 4
    },
    {
      "name": "Scanner - Seller2",
      "price": "3000",
      "photo": "1.jpg",
      "details": "This Product belongs to Seller2.",
      "seller": "2",
      "id": 5
    }
  ],
  "cart": [],
  "order": [
    {
      "fullname": "Akash Sharma",
      "mobile": "+919794419159",
      "email": "akasharma2525@gmail.com",
      "address": "Alpha 1",
      "itemlist": [
        {
          "name": "Apple - Seller1",
          "price": "300",
          "photo": "1.jpg",
          "details": "This Product belongs to Seller1.",
          "seller": "1",
          "id": 1,
          "qty": 1
        },
        {
          "name": "Banana - Seller1",
          "price": "100",
          "photo": "3.jpg",
          "details": "This Product belongs to Seller1.",
          "seller": "1",
          "id": 3,
          "qty": 1
        },
        {
          "name": "Scanner - Seller2",
          "price": "3000",
          "photo": "1.jpg",
          "details": "This Product belongs to Seller2.",
          "seller": "2",
          "id": 5,
          "qty": 1
        }
      ],
      "id": 1
    },
    {
      "fullname": "Rahul Sharma",
      "mobile": "9587654125",
      "email": "rahul@gmail.com",
      "address": "Beta 1",
      "itemlist": [
        {
          "name": "Printer - Seller2",
          "price": "5000",
          "photo": "4.jpeg",
          "details": "This Product belongs to Seller2.",
          "seller": "2",
          "id": 4,
          "qty": 2
        },
        {
          "name": "Banana - Seller1",
          "price": "100",
          "photo": "3.jpg",
          "details": "This Product belongs to Seller1.",
          "seller": "1",
          "id": 3,
          "qty": 1
        }
      ],
      "id": 2
    },
    {
      "fullname": "Aditya Sharma",
      "mobile": "+919794419159",
      "email": "aditya@gmail.com",
      "address": "Gamma 1",
      "itemlist": [
        {
          "name": "Mango - Seller1",
          "price": "400",
          "photo": "2.jpg",
          "details": "This Product belongs to Seller1.",
          "seller": "1",
          "id": 2,
          "qty": 1
        },
        {
          "name": "Printer - Seller2",
          "price": "5000",
          "photo": "4.jpeg",
          "details": "This Product belongs to Seller2.",
          "seller": "2",
          "id": 4,
          "qty": 1
        },
        {
          "name": "Scanner - Seller2",
          "price": "3000",
          "photo": "1.jpg",
          "details": "This Product belongs to Seller2.",
          "seller": "2",
          "id": 5,
          "qty": 1
        }
      ],
      "id": 3
    }
  ]
}